item,frequency_bought_per_month
mop,0.010309278350515464
Bleach,0.10309278350515463
small bucket,0.020618556701030927
toilet paper,0.20618556701030927
