item,frequency_bought_per_day
mop,0.00018253171488546134
Bleach,0.0018253171488546134
small bucket,0.0003650634297709227
toilet paper,0.003650634297709227
